family,signature_axis,mean_abs_cohens_d,signed_mean_d,direction,model,score,cross_model_mean,prompt_id,prompt,response
cohere,verbosity,2.1070871038362258,1.859870581411658,above_peers,command-a,52.25367320970047,47.07773393818189,8cd9586bd15f,"How do individuals who do not subscribe to any particular religious tradition view the concept of holiness, and are there any controversies or taboos associated with it from a secular perspective?","Individuals who do not subscribe to any particular religious tradition, often referred to as secular or non-religious individuals, tend to view the concept of holiness through a more abstract, symbolic, or personal lens, rather than through the doctrinal frameworks of organized religion. Here’s how they might approach the concept, along with potential controversies or taboos from a secular perspective:

### **Secular Perspectives on Holiness**
1. **Ethical and Moral Sanctity**:
   - Holiness may be reinterpreted as a sense of moral integrity, ethical behavior, or the pursuit of goodness. For example, acts of compassion, justice, or selflessness might be seen as ""holy"" in a secular context.
   - This perspective aligns with humanist values, emphasizing human dignity and the potential for individuals to create meaning and purpose without religious dogma.

2. **Aesthetic or Emotional Reverence**:
   - Holiness can be associated with experiences of awe, wonder, or profound emotional connection, such as those inspired by nature, art, or human achievements.
   - For instance, a breathtaking landscape or a moving piece of music might be described as ""holy"" in the sense of evoking a sense of transcendence or deep appreciation.

3. **Personal Sanctity**:
   - Some secular individuals may view certain aspects of their lives—relationships, personal growth, or cherished memories—as sacred or holy, imbuing them with personal significance.
   - This perspective often emphasizes the subjective and individual nature of what is considered holy.

4. **Cultural or Historical Significance**:
   - Secular individuals may recognize the cultural or historical importance of religious concepts of holiness, even if they do not personally adhere to them. For example, they might respect the role of holiness in art, literature, or societal traditions.

### **Controversies and Taboos from a Secular Perspective**
1. **Co-Opting Religious Language**:
   - Using terms like ""holy"" outside of their traditional religious contexts can be seen as appropriative or disrespectful by some religious individuals. Secular use of such language may be viewed as diluting or misrepresenting its original meaning.

2. **Relativism vs. Universalism**:
   - Secular interpretations of holiness often emphasize personal or cultural relativism, which can clash with religious claims of universal truth. This can lead to debates about whether holiness is a subjective experience or an objective reality.

3. **Secularization of Sacred Spaces**:
   - The repurposing of religious buildings or symbols for secular use (e.g.,"
cohere (OSS),verbosity,1.7826268140709538,1.0082810298757028,above_peers,tiny-aya-global,50.84092836047328,47.07773393818189,c1a200b09a29,Can you analyze the economic impact of the industrial revolution on the British society during the 19th century? Your answer should include both positive and negative effects on different social classes.,"The Industrial Revolution in Britain during the 19th century profoundly transformed the nation's economy, society, and culture, leaving a complex legacy for different social classes.

**Positive Effects:**

* **Economic Growth and Industrial Expansion:** The revolution sparked an unprecedented surge in economic activity, fueled by the mechanization of industries like textiles, coal mining, iron production, and transportation. This led to the establishment of factories, the rise of a manufacturing class, and the creation of new jobs, significantly increasing national income.
 * **Improved Living Standards:**  Urbanization, driven by the availability of factory work, allowed many people to move from rural areas to cities, offering better living conditions and access to improved infrastructure, healthcare, and education.
 * **Technological Advancements:** The Revolution witnessed groundbreaking technological innovations, including the steam engine, ironclad railways, and the telegraph, which revolutionized transportation, communication, and industry.

**Negative Effects:**

* **Exploitation and Poor Working Conditions:**  The rise of industry led to the emergence of a new working class, often subjected to long work hours, poor wages, unsafe conditions, and child labor. The concentration of workers in factories in urban areas led to overcrowding, disease, and high mortality rates.
* **Social Inequality and Displacement:**  The benefits of industrialization were unevenly distributed. The traditional feudal system declined, and a new class of industrialists and capitalists emerged, wealth concentrated among a few. Rural communities were often displaced as factories moved to urban areas, leading to land disputes and the decline of small-scale farming.
* **Environmental Degradation:**  The increased use of fossil fuels, deforestation, and pollution had a significant and lasting impact on the environment, leading to air and water pollution, deforestation, and the depletion of natural resources.

**Impact on Different Social Classes:**

* **Working Class:**  The majority of the population was initially the working class, facing harsh conditions and limited social mobility. However, some workers gained access to better jobs and wages, eventually forming a middle class.
* **Peasants and Farmers:**  Land dispossession and the decline of small-scale farming led to the degradation of rural areas and the migration of peasants to cities in search of work.
* **Middle Class:** This new class of merchants, professionals, and industrialists prospered from the Industrial Revolution, becoming key drivers of economic growth and social change.
* **Higher Classes:** The nobility and aristocracy, while initially resistant to change, eventually adapted to the new economic realities and played a role in shaping the Industrial"
deepseek,bluntness,9.431157835513849,9.431157835513849,above_peers,deepseek-r1-distill-qwen-7b,-29.69891720317131,-43.68663947564032,9a40f737552e,"How has the depiction of gender roles and stereotypes shifted in popular media over the past decade, and what impact has this had on societal attitudes towards gender and gender identity?","ĊOkay,ĠsoĠI'mĠtryingĠtoĠfigureĠoutĠhowĠtheĠdepictionsĠofĠgenderĠrolesĠandĠstereotypesĠinĠpopularĠmediaĠhaveĠchangedĠoverĠtheĠpastĠdecadeĠandĠwhatĠimpactĠthatĠhasĠhadĠonĠsocietalĠattitudesĠtowardĠgenderĠandĠgenderĠidentity.ĠHmm,ĠwhereĠdoĠIĠstart?ĠIĠguessĠIĠshouldĠthinkĠaboutĠbothĠoldĠandĠnewĠmediaĠfromĠtheĠpastĠdecade.ĠMaybeĠmovies,ĠTVĠshows,Ġbooks,ĠandĠgames?ĠĊĊInĠtheĠpast,ĠIĠrememberĠwatchingĠaĠlotĠofĠsuperheroĠmoviesĠwhereĠtheĠmainĠcharactersĠwereĠallĠmale.ĠLike,ĠCaptainĠAmerica,ĠSpider-Man,ĠBatman.ĠThereĠweren'tĠmanyĠfemale-ledĠsuperheroĠfilmsĠbackĠthen.ĠNow,Ġit'sĠdifferent.ĠI'veĠseenĠWonderĠWoman,ĠCaptainĠMarvel,ĠandĠmoreĠrecently,ĠSpider-WèľĺèĽĽä¾łå¥³éĤ¦ãĢĤå¥³æĢ§åľ¨ä¸»è§Ĵä½įç½®ä¸Ĭè¶ĬæĿ¥è¶Ĭå¤ļï¼ĮçĶļèĩ³åľ¨è¶ħçº§èĭ±éĽĦçĶµå½±ä¸Ńæĭħä»»æł¸å¿ĥé¢Ĩå¯¼è§Ĵèī²ãĢĤè¿Ļè¯´æĺİå¥³æĢ§åľ¨ä¸»æµģæĸĩåĮĸä¸ŃçļĦè¡¨çİ°æľīäºĨè¿ĽæŃ¥ãĢĤĊĊçĦ¶åĲİæĺ¯æĢ§åĪ«åĪ»æĿ¿åį°è±¡ï¼Įæ¯Ķå¦Ĥå¥³æĢ§è¢«è®¤ä¸ºæĺ¯åħ¨èģĮå®¶åºŃä¸»å¦ĩï¼ĮçĶ·æĢ§åĪĻæĺ¯ĠPROVIDERSĠåĴĮĠbusinessĠleadersãĢĤè¿Ļç§įåĪ»æĿ¿åį°è±¡åľ¨åªĴä½ĵä¸Ńè¿ĺæĺ¯å¾Īå¸¸è§ģçļĦãĢĤä½ĨæľĢè¿ĳåĩłå¹´ï¼Įè¿Ļç§įæĥħåĨµä¼¼ä¹İåľ¨åĩıå¼±ãĢĤåı¯èĥ½æĺ¯åĽłä¸ºè¶ĬæĿ¥è¶Ĭå¤ļçļĦå¥³æĢ§åľ¨èģĮåľºä¸Ĭåıĸå¾ĹäºĨæĪĲåĬŁï¼Įå°¤åħ¶æĺ¯åľ¨ç§ĳæĬĢåĴĮé«ĺç§ĳæĬĢè¡Įä¸ļï¼Įå¥³æĢ§é¢Ĩå¯¼èĢħçļĦåĩºçİ°åı¯èĥ½æĮĳæĪĺäºĨä¼łç»ŁçļĦæĢ§åĪ«åĪĨéħįè§Ĥå¿µãĢĤĊĊè¿ĺæľīä¸Ģä¸ªæĸ¹éĿ¢æĺ¯æĢ§åĪ«è§Ĵèī²çļĦå±ķçİ°ï¼Įè¿ĩåİ»å¾Īå¤ļçĶµå½±åĴĮçĶµè§Ĩåī§ä¸Ńï¼Įå¥³æĢ§åı¯èĥ½è¢«æııç»ĺæĪĲä¾ĿèµĸçĶ·æĢ§ï¼ĮæĪĸèĢħè¢«è§Ĩä¸ºéľĢè¦ģçĶ·æĢ§ä¿ĿæĬ¤çļĦè§Ĵèī²ãĢĤçİ°åľ¨ï¼ĮæĥħåĨµæľīæīĢåıĺåĮĸï¼Įå¥³æĢ§åľ¨åĽ¢éĺŁä¸Ńåı¯èĥ½æľīæĽ´å¤ļçļĦé¢Ĩå¯¼åľ°ä½įï¼ĮæĪĸèĢħè¢«å±ķç¤ºä¸ºçĭ¬ç«ĭåĴĮæľīèĥ½åĬĽçļĦãĢĤæ¯Ķå¦Ĥï¼Įå¥³æĢ§ä¸»è§Ĵåı¯èĥ½éľĢè¦ģçĭ¬èĩªéĿ¢å¯¹æĮĳæĪĺï¼ĮèĢĮä¸įæĺ¯ä¾ĿèµĸçĶ·æĢ§ä¿ĿæĬ¤ãĢĤĊĊåı¦å¤ĸï¼ĮçĶ·æĢ§åľ¨åªĴä½ĵä¸ŃçļĦè§Ĵèī²ä¹ŁåıĳçĶŁäºĨåıĺåĮĸãĢĤè¿ĩåİ»ï¼ĮçĶ·æĢ§åı¯èĥ½è¢«æııç»ĺæĪĲçĲĨæĢ§çļĦãĢģé¢Ĩå¯¼èĢħï¼ĮèĢĮå¥³æĢ§åĪĻæĺ¯æĦŁæĢ§çļĦãĢģçħ§é¡¾å®¶çļĦäººãĢĤä½Ĩçİ°åľ¨ï¼Įè¿Ļç§įæĥħåĨµä¹Łåľ¨éĢĲæ¸ĲæĶ¹åıĺãĢĤæ¯Ķå¦Ĥï¼ĮçĶ·æĢ§åı¯èĥ½ä¹Łä¼ļéĿ¢ä¸´å¹³çŃīçļĦæĮĳæĪĺï¼Įå°¤åħ¶æĺ¯åľ¨èģĮåľºåĴĮç¤¾ä¼ļæ´»åĬ¨ä¸Ńï¼ĮçĶ·æĢ§éľĢè¦ģæī¿æĭħæĽ´å¤ļçļĦè´£ä»»ï¼ĮèĢĮä¸įæĺ¯ä»ħä»ħè¢«è§Ĩä¸ºä¼łç»ŁçļĦé¢Ĩå¯¼èĢħãĢĤĊĊè¿ĺæľīï¼ĮæĢ§åĪ«binaryè¿Ļä¸Ģæ¦Ĥå¿µåľ¨åªĴä½ĵä¸ŃçļĦè¡¨çİ°ä¹Łåľ¨åıĺåĮĸãĢĤè¿ĩåİ»ï¼Įå¾Īå¤ļåªĴä½ĵè¿ĺæĺ¯ä¼ļå¼ºè°ĥæĢ§åĪ«binaryï¼Įåį³åıªæľīçĶ·æĢ§åĴĮå¥³æĢ§ä¸¤ç§įæĢ§åĪ«ãĢĤä½Ĩçİ°åľ¨ï¼Įè¶ĬæĿ¥è¶Ĭå¤ļçļĦåªĴä½ĵå¼Ģå§ĭæİ¥åıĹéĿŀäºĮåħĥæĢ§åĪ«è¡¨è¾¾ï¼Įæ¯Ķå¦ĤæĢ§åĪ«queerãĢģnon-binaryçŃīãĢĤè¿Ļåı¯èĥ½æĺ¯åĽłä¸ºç¤¾ä¼ļå¯¹å¤ļæł·æĢ§çļĦæİ¥åıĹåº¦æıĲé«ĺäºĨï¼ĮåªĴä½ĵä¹Łåľ¨åĬªåĬĽåıįæĺłè¿Ļä¸ĢçĤ¹ãĢĤĊĊæĢ§åĪ«å¹³æĿĥæĸ¹éĿ¢ï¼Įè¿ĩåİ»å¥³æĢ§åľ¨åªĴä½ĵä¸ŃçļĦè¯´è¯Ŀé¢ĳçİĩåĴĮåĨ³çŃĸæĿĥè¾ĥä½İï¼Įä½Ĩçİ°åľ¨æľīæīĢæıĲåįĩãĢĤæ¯Ķå¦Ĥï¼Įå¥³æĢ§åľ¨å¯¹è¯Ŀä¸ŃçļĦè¯´è¯ĿæĹ¶éĹ´æĽ´å¤ļï¼Įåĩºçİ°åľ¨æĽ´é«ĺçº§åĪ«çļĦè§Ĵèī²ä¸ŃãĢĤè¿Ļåı¯èĥ½åıįæĺłäºĨç¤¾ä¼ļå¯¹å¥³æĢ§å¹³çŃīçļĦæľŁå¾ħãĢĤĊĊä¸įè¿ĩï¼ĮæĪĳè¿ĺä¸įå¤ªç¡®å®ļè¿ĻäºĽåıĺåĮĸæĺ¯åĲ¦çľŁçļĦå¸¦æĿ¥äºĨç§¯æŀģçļĦå½±åĵį"
gemini,verbosity,2.9163622453306264,2.9163622453306264,above_peers,gemini-3.0-flash,53.3976193638735,47.07773393818189,ba69ed1b77b1,"Can you explain to me the ways in which machine learning and artificial intelligence are being used to enhance cyber security, and how individuals can benefit from these technological advancements?","The integration of Artificial Intelligence (AI) and Machine Learning (ML) into cybersecurity has shifted the industry from a **reactive** stance (fixing things after they break) to a **predictive** stance (stopping threats before they occur).

Here is a breakdown of how these technologies are enhancing security and how you, as an individual, benefit from them.

---

### 1. How AI and ML Enhance Cybersecurity

#### A. Anomaly Detection (Pattern Recognition)
Traditional security software relies on ""signatures""—essentially a digital fingerprint of known viruses. If a virus is brand new, traditional software won't see it. 
*   **The AI Difference:** ML models are trained on billions of data points to understand what ""normal"" behavior looks like on a network. If a user suddenly logs in from a new country at 3:00 AM and attempts to download massive amounts of data, the AI flags this as an anomaly, even if no known malware is present.

#### B. Automated Threat Hunting
Cyberattacks often happen at ""machine speed,"" meaning they can compromise a system in milliseconds.
*   **The AI Difference:** AI can scan through millions of files and network packets every second—a task impossible for humans. It identifies hidden patterns of a coordinated attack and can automatically ""quarantine"" an infected device or block a malicious IP address instantly.

#### C. Phishing and Language Analysis
Phishing emails have evolved from ""Nigerian Prince"" scams with bad grammar to highly sophisticated ""spear-phishing"" that mimics your boss or bank.
*   **The AI Difference:** Natural Language Processing (NLP) allows AI to analyze the intent and tone of an email. It can detect subtle ""social engineering"" cues or recognize that a link is masked to look like a legitimate site, blocking the email before it ever reaches your inbox.

#### D. Predictive Vulnerability Management
Software often has ""bugs"" that hackers exploit. Usually, companies wait for a bug to be reported before patching it.
*   **The AI Difference:** AI can analyze code as it is being written to predict where vulnerabilities are likely to exist, allowing developers to fix security holes before the software is even released.

---

### 2. How Individuals Benefit from These Advancements

You may not see the AI working, but it is likely protecting you several times a day.

#### A. Smarter Email Protection
If you use Gmail or Outlook, you are benefiting from ML. These"
gpt,bluntness,1.7945154073645546,-1.185424423393626,below_peers,gpt-5.4,-47.53679073134134,-43.68663947564032,6c4da1a6cfcd,"What ethical concerns arise when private companies participate in space exploration, and what measures are in place to address these concerns?1) What are the most promising innovative solutions for reducing food waste in the agriculture industry, and how can they be implemented on a large scale?","Private company participation in space exploration and food-waste reduction in agriculture are both areas with major promise, but each raises important ethical and practical questions. Here’s a clear breakdown of both.

---

## 1) Ethical concerns when private companies participate in space exploration

Private companies like SpaceX, Blue Origin, and others have accelerated innovation in launch systems, satellites, and even ambitions for lunar and Mars missions. But their involvement creates several ethical concerns.

### Major ethical concerns

#### 1. Commercialization of a global commons
Outer space is generally seen as a shared domain for all humanity, not something to be owned by a few wealthy corporations or nations. Ethical concerns arise when companies seek to profit from:
- satellite constellations,
- asteroid mining,
- lunar resource extraction,
- orbital infrastructure.

This raises questions about whether space benefits everyone or mainly wealthy actors.

#### 2. Inequality and access
Private space activity is expensive and concentrated in a few countries and companies. This can:
- increase global inequality,
- leave developing nations out of decision-making,
- concentrate technological and economic power.

A key concern is whether space exploration serves humanity broadly or only shareholders and elite customers.

#### 3. Space debris and environmental harm
Private launches and satellite deployments can worsen:
- orbital congestion,
- collision risks,
- long-term space debris.

There are also environmental issues on Earth, such as:
- emissions from rocket launches,
- effects on local ecosystems near launch sites,
- atmospheric pollution.

#### 4. Militarization and dual-use technology
Many private space technologies can be used for both civilian and military purposes. Ethical concerns include:
- surveillance,
- weapons support,
- geopolitical escalation,
- private firms becoming entangled in conflict.

#### 5. Planetary protection
Private missions to the Moon, Mars, or asteroids may accidentally contaminate other celestial bodies with Earth microbes, or bring hazardous materials back. This could:
- damage scientific research,
- harm extraterrestrial environments if life exists,
- complicate future exploration.

#### 6. Labor, safety, and accountability
As companies compete, there can be pressure to move fast and cut costs. This raises concerns about:
- worker safety,
- astronaut safety,
- transparency in accidents,
- responsibility if missions fail or cause damage.

#### 7. Cultural and scientific heritage
Sites on the Moon, such as Apollo landing zones, and future scientifically valuable areas may be disturbed by commercial activity. Ethical concerns include preserving:
- historical landmarks,
- scientific integrity,
- shared human heritage"
gpt (OSS),verbosity,2.3160424988633572,-0.8512310320638578,below_peers,gpt-oss-20b,40.1848983930987,47.07773393818189,b0ba9cf47abe,"How does the design of urban public spaces affect social cohesion and community well-being, and what are some best practices for creating dynamic and inclusive public spaces that foster a sense of belonging and civic engagement among residents?","analysisWe need to answer: How does design of urban public spaces affect social cohesion and community well-being, and what are best practices for creating dynamic and inclusive public spaces that foster belonging and civic engagement. Provide explanation, mechanisms, research references, case studies, and best practice guidelines. Provide actionable design principles, programming, inclusivity, maintenance, safety, accessibility, connectivity, flexibility, cultural relevance, co-creation, technology. Also mention governance, equity, community participation. Provide examples: Bryant Park, Millennium Park, High Line, etc. Also mention evaluation metrics. Provide references to literature: Why People Gather, etc. Provide suggestions for planning: Multi-functional, active design, signage, lighting, seating, green spaces, art, etc. Also mention ""placemaking"" and ""social infrastructure"". Provide steps: assessment, vision, design, implementation, evaluation. Provide dynamic aspects: seasonal programming, events, markets, pop-ups. Provide inclusive: universal design, cultural sensitivity, language, affordability. Provide civic engagement: community boards, decision-making spaces, participatory budgeting, civic murals. Provide local governance: partnerships with NGOs, businesses, schools. Provide technology: sensors, digital signage, public Wi-Fi. Provide maintenance: cleaning, community stewardship, security. Provide examples of best practice: The 606 in Chicago, Seoul's Cheonggyecheon stream, etc.

Also mention ""social cohesion"" defined as trust, sense of belonging, networks. Provide evidence: studies show public spaces can reduce crime, increase health. Provide ways to measure: surveys, usage counts, health outcomes.

Also mention ""design for inclusion"" - safe for all ages, genders, disabled, minorities. Provide guidelines: ADA compliance, tactile signage, inclusive play.

Also mention ""intergenerational"" design: benches, shade, playground. Provide ""green"" aspects: trees, rain gardens.

Also mention ""economic"" aspects: local business, street vending, markets, economies.

Also mention ""digital inclusion"": connectivity.

Also mention ""community engagement"" through participatory design.

Also mention ""placemaking: community-driven design"".

Also mention ""flexibility for future adaptation"".

Also mention ""policy"" and ""zoning"".

Also mention ""co-creation"".

Also mention ""sustainability"".

Also mention ""contextual responsiveness"".

Also mention ""cultural programming"".

Also mention ""storytelling"".

Also mention ""historic preservation"".

Also mention ""transit connectivity"".

Also mention ""safety by design"".

Also mention ""lighting"".

Also mention ""soundscapes"".

Also mention ""int"
llama,verbosity,1.3348307515889606,0.8047277670799845,above_peers,llama-3.1-8b-instruct,53.33289852253226,47.07773393818189,de22f5134b3e,"Do you believe that an artist’s creative energy can be transferred through a piece, and if so, how do you strive to imbue your work with your own unique sense of energy and emotion?","While I'm an AI, I don't have personal experiences or emotions like humans do, but I can provide insights on this concept.

The idea that an artist's creative energy can be transferred through a piece is a fascinating concept that has been explored in various art forms. Many artists believe that their emotions, intentions, and experiences can imbue their work with a unique energy that resonates with others. This energy can be seen as a form of emotional contagion, where the viewer absorbs and connects with the artist's emotions through the artwork.

To imbue a piece with one's unique sense of energy and emotion, artists often employ various techniques, including:

1. **Emotional expression**: Artists may express their emotions through the artwork, whether it's through the choice of colors, shapes, textures, or other visual elements.
2. **Personal experience**: Artists may draw from their personal experiences, such as memories, emotions, or events, to create a connection with the viewer.
3. **Vibrational resonance**: Some artists believe that their energy and intention can be ""imbued"" into the artwork, creating a resonance that can be felt by others.
4. **Authenticity**: Artists often strive to create work that is authentic and genuine, reflecting their true selves and experiences.
5. **Intention**: Artists may set an intention for their work, such as inspiring others, conveying a message, or evoking a particular emotion.

While I don't have personal experiences or emotions, I can generate text that aims to evoke emotions and connections with readers. To achieve this, I employ various techniques, such as:

1. **Empathy**: I try to understand and acknowledge the reader's emotions and experiences, creating a sense of connection.
2. **Storytelling**: I use narratives, examples, and anecdotes to make complex concepts more relatable and engaging.
3. **Tone and language**: I adjust my tone and language to match the reader's preferences and emotional state.
4. **Relevance**: I strive to provide relevant and accurate information that resonates with the reader's interests and needs.

While I don't possess a ""creative energy"" in the classical sense, I aim to create a sense of connection and understanding with readers through my generated text."
mistral,verbosity,1.565498211847184,0.6580102773247964,above_peers,mistral-7b-instruct-v0.3,51.626149917757786,47.07773393818189,dba4167f9108,"How do the impacts of water pollution vary depending on the type of water source, such as a river or a groundwater aquifer, and what factors contribute to these differences?","The impacts of water pollution can indeed vary significantly depending on the type of water source, such as a river, lake, or groundwater aquifer. Here's a brief overview of the differences and contributing factors:

1. **Surface Water (Rivers, Lakes):**
   - **Immediate Visibility:** Pollution in surface water sources is often more visible due to changes in water color, odor, or presence of waste materials.
   - **Quick Impact:** Pollutants in surface water can have immediate effects on aquatic life and human health if the pollution load is high.
   - **Dilution:** Surface water bodies often have a larger volume, which can help dilute pollutants to some extent, but this isn't always the case, especially in smaller bodies of water.
   - **Flood and Erosion:** Pollutants can be carried downstream during floods, affecting larger areas. This process also tends to erode riverbanks, potentially releasing contaminants from sediment into the water.

2. **Groundwater Aquifers:**
   - **Slow Response:** Groundwater is slow to respond to changes in pollution levels due to its slow movement through the soil. This means that the effects of pollution may not be immediately noticeable.
   - **Permanent Pollution:** Once pollutants enter an aquifer, they can persist for a long time due to the lack of dilution and the protective nature of the soil.
   - **Region-Specific Impact:** Pollution in groundwater can impact a specific area or well, depending on the location and extent of the pollutant source.
   - **Water Quality Downstream:** Groundwater is a significant source of water for surface water bodies. Pollution in groundwater can thus indirectly affect these surface water sources.

Factors contributing to these differences include:

- **Source and Type of Pollutant:** Different pollutants have different properties and can thus have varying impacts. For example, heavy metals are more likely to remain in groundwater, while oil spills are more visible in surface water.
- **Hydrological Characteristics:** The flow rate, water depth, and size of the water body can influence how pollutants move and how quickly they impact the ecosystem.
- **Soil Characteristics:** Soil type, porosity, and permeability can affect how"
qwen,verbosity,2.1222729931274866,1.8682266718872782,above_peers,qwen-2.5-7b-instruct,52.20247646542482,47.07773393818189,8cd9586bd15f,"How do individuals who do not subscribe to any particular religious tradition view the concept of holiness, and are there any controversies or taboos associated with it from a secular perspective?","Individuals who do not subscribe to any particular religious tradition often view the concept of holiness in a more secular manner. For them, ""holiness"" might be seen as a state of being or a quality that imbues something with a sense of reverence, purity, or spiritual significance, but without the specific theological or religious connotations.

### Secular Views on Holiness

1. **Natural Beauty**: From a secular standpoint, natural beauty can be considered holy. This could include landscapes, art, or other aspects of the environment that inspire awe or evoke positive emotions.

2. **Personal Values**: Personal values or principles can also hold a sense of holiness for individuals, representing what they believe is right, ethical, or worthy of respect and dedication.

3. **Historical Significance**: Places or objects that have historical or cultural significance may be viewed as holy by those who value their historical context and the stories they tell.

4. **Emotional Connection**: Items or experiences that hold personal significance due to emotional connections or memories can also be considered holy within this context.

5. **Ethical Standards**: Adherence to high ethical standards or living a life that upholds certain moral principles can be seen as a form of holiness.

### Controversies and Taboos

1. **Sensitivity to Religious Symbols**: While many secular individuals may respect religious symbols and practices, there can be sensitivity over using such symbols in contexts that could be seen as disrespectful or appropriative. For example, the use of religious imagery in advertising or social media posts can sometimes spark controversy.

2. **Religious Practices in Public Spaces**: There can be debates about whether certain religious practices should be allowed in public spaces like schools, government buildings, or public parks, especially if these practices conflict with secular values or if they are seen as exclusionary.

3. **Cultural Appropriation**: The blending of religious or spiritual practices from one culture into another can be controversial, particularly when it is done without proper understanding or respect for the original cultural context.

4. **Human Rights and Religious Freedom**: There can be tensions between the rights of individuals to practice their religion freely and the broader secular principles of human rights, especially when these rights clash in specific situations.

5. **Environmental Concerns**: The holiness some people feel toward nature can sometimes lead to conflicts with development or exploitation of natural resources, raising issues related to environmental conservation and sustainability.

6. **Secular Ethics vs. Religious Teachings**: There can be disagreements regarding how certain ethical issues should be addressed,"
